{
  "hash": "ed10a280",
  "configHash": "4308bea2",
  "lockfileHash": "f451f754",
  "browserHash": "f55a50bf",
  "optimized": {
    "@angular/common": {
      "src": "../../../../../node_modules/@angular/common/fesm2022/common.mjs",
      "file": "@angular_common.js",
      "fileHash": "fd0962d9",
      "needsInterop": false
    },
    "@angular/core": {
      "src": "../../../../../node_modules/@angular/core/fesm2022/core.mjs",
      "file": "@angular_core.js",
      "fileHash": "0fb684d4",
      "needsInterop": false
    },
    "@angular/forms": {
      "src": "../../../../../node_modules/@angular/forms/fesm2022/forms.mjs",
      "file": "@angular_forms.js",
      "fileHash": "be37be19",
      "needsInterop": false
    },
    "@angular/platform-browser": {
      "src": "../../../../../node_modules/@angular/platform-browser/fesm2022/platform-browser.mjs",
      "file": "@angular_platform-browser.js",
      "fileHash": "b6d36847",
      "needsInterop": false
    },
    "@angular/router": {
      "src": "../../../../../node_modules/@angular/router/fesm2022/router.mjs",
      "file": "@angular_router.js",
      "fileHash": "4ce6d0de",
      "needsInterop": false
    }
  },
  "chunks": {
    "chunk-UOPU6VHF": {
      "file": "chunk-UOPU6VHF.js"
    },
    "chunk-QT7HCO3S": {
      "file": "chunk-QT7HCO3S.js"
    },
    "chunk-LYVJBHJR": {
      "file": "chunk-LYVJBHJR.js"
    }
  }
}