{
  "hash": "9c02c93a",
  "configHash": "16794b1c",
  "lockfileHash": "f451f754",
  "browserHash": "bcf41e31",
  "optimized": {
    "@angular/common": {
      "src": "../../../../../node_modules/@angular/common/fesm2022/common.mjs",
      "file": "@angular_common.js",
      "fileHash": "2736442e",
      "needsInterop": false
    },
    "@angular/core": {
      "src": "../../../../../node_modules/@angular/core/fesm2022/core.mjs",
      "file": "@angular_core.js",
      "fileHash": "c942f891",
      "needsInterop": false
    },
    "@angular/forms": {
      "src": "../../../../../node_modules/@angular/forms/fesm2022/forms.mjs",
      "file": "@angular_forms.js",
      "fileHash": "cef43c54",
      "needsInterop": false
    },
    "@angular/platform-browser": {
      "src": "../../../../../node_modules/@angular/platform-browser/fesm2022/platform-browser.mjs",
      "file": "@angular_platform-browser.js",
      "fileHash": "ac806733",
      "needsInterop": false
    },
    "@angular/platform-server": {
      "src": "../../../../../node_modules/@angular/platform-server/fesm2022/platform-server.mjs",
      "file": "@angular_platform-server.js",
      "fileHash": "5fa945d5",
      "needsInterop": false
    },
    "@angular/router": {
      "src": "../../../../../node_modules/@angular/router/fesm2022/router.mjs",
      "file": "@angular_router.js",
      "fileHash": "3f3b20a2",
      "needsInterop": false
    }
  },
  "chunks": {
    "chunk-I2SFHJN3": {
      "file": "chunk-I2SFHJN3.js"
    },
    "chunk-64RZX3U4": {
      "file": "chunk-64RZX3U4.js"
    },
    "chunk-MVH4IRTM": {
      "file": "chunk-MVH4IRTM.js"
    },
    "xhr2-JDAPKF6S": {
      "file": "xhr2-JDAPKF6S.js"
    },
    "chunk-NQ4HTGF6": {
      "file": "chunk-NQ4HTGF6.js"
    }
  }
}