{
  "hash": "6dfe6980",
  "configHash": "8c00a3e8",
  "lockfileHash": "ae2c795e",
  "browserHash": "58207309",
  "optimized": {
    "@angular/common": {
      "src": "../../../../../node_modules/@angular/common/fesm2022/common.mjs",
      "file": "@angular_common.js",
      "fileHash": "c22d8e76",
      "needsInterop": false
    },
    "@angular/core": {
      "src": "../../../../../node_modules/@angular/core/fesm2022/core.mjs",
      "file": "@angular_core.js",
      "fileHash": "22dbe7ea",
      "needsInterop": false
    },
    "@angular/forms": {
      "src": "../../../../../node_modules/@angular/forms/fesm2022/forms.mjs",
      "file": "@angular_forms.js",
      "fileHash": "39620b66",
      "needsInterop": false
    },
    "@angular/platform-browser": {
      "src": "../../../../../node_modules/@angular/platform-browser/fesm2022/platform-browser.mjs",
      "file": "@angular_platform-browser.js",
      "fileHash": "777bff72",
      "needsInterop": false
    },
    "@angular/router": {
      "src": "../../../../../node_modules/@angular/router/fesm2022/router.mjs",
      "file": "@angular_router.js",
      "fileHash": "f98a2f73",
      "needsInterop": false
    }
  },
  "chunks": {
    "chunk-UOPU6VHF": {
      "file": "chunk-UOPU6VHF.js"
    },
    "chunk-QT7HCO3S": {
      "file": "chunk-QT7HCO3S.js"
    },
    "chunk-LYVJBHJR": {
      "file": "chunk-LYVJBHJR.js"
    }
  }
}